IP,Country,ISP
192.168.23.56,-,-
84.15.208.99,Latvia,UAB BITE Lietuva
63.201.142.178,United States of America,AT&T Enterprises LLC
10.145.0.113,-,-
142.25.189.201,Canada,Province of British Columbia
187.60.41.66,Brazil,Sobralnet Servicos e Telecomunicacoes Ltda - ME
104.244.75.110,Luxembourg,Frantech Solutions
203.98.10.6,New Zealand,One New Zealand Group Limited
45.77.39.72,Singapore,The Constant Company LLC
8.8.4.4,United States of America,Google LLC
172.16.254.1,-,-
91.121.23.142,France,OVH SAS
216.58.212.46,Netherlands (Kingdom of the),Google LLC
74.125.200.113,United States of America,Google LLC
123.45.67.89,Korea (the Republic of),-
223.255.255.254,Australia,-
19.168.1.1,United States of America,Ford Motor Company
37.187.100.86,France,OVH SAS
54.36.158.100,France,OVH SAS
98.139.183.24,United States of America,Oath Holdings Inc.
109.74.203.201,United Kingdom of Great Britain and Northern Ireland,Akamai Technologies Inc.
199.59.150.7,United States of America,Twitter Inc.
203.0.113.1,-,-
62.210.130.250,France,Scaleway S.A.S.
202.108.22.5,China,China169-BJ China Unicom Beijing Province Network
185.199.110.153,United States of America,Fastly Inc.
144.76.76.76,Germany,Hetzner Online GmbH
150.101.100.99,Australia,Internode Pty Ltd
212.58.246.79,United Kingdom of Great Britain and Northern Ireland,BBC
18.208.99.109,United States of America,Amazon.com Inc.
128.199.86.226,Singapore,DigitalOcean LLC
85.214.132.117,Germany,Strato GmbH
93.184.216.34,Belgium,-
104.16.132.229,United States of America,CloudFlare Inc.
89.238.130.247,United Kingdom of Great Britain and Northern Ireland,M247 Europe SRL
23.239.24.120,United States of America,Akamai Technologies Inc.
67.43.156.9,United States of America,Krypt Technologies
132.154.203.18,India,Reliance Jio Infocomm Limited
34.234.159.198,United States of America,Amazon.com Inc.
180.76.76.76,China,BAIDU Beijing Baidu Netcom Science and Technology Co. Ltd.
37.59.174.225,France,OVH SAS
209.85.231.104,United States of America,Google LLC
203.245.165.99,Korea (the Republic of),POSNET POSCO DX
185.107.56.212,Netherlands (Kingdom of the),NForce Entertainment B.V.
192.30.255.113,United States of America,GitHub Inc.
107.170.22.77,United States of America,DigitalOcean LLC
118.98.96.200,Indonesia,Telekomunikasi Indonesia (PT)
103.21.244.0,United States of America,CloudFlare Inc.
35.190.27.135,United States of America,Google LLC
45.33.32.156,United States of America,Akamai Technologies Inc.
66.220.144.0,United States of America,Facebook Inc.
217.160.0.1,Germany,IONOS SE
213.186.33.87,France,OVH SAS
51.254.25.97,France,OVH SAS
40.112.72.205,Ireland,Microsoft Corporation
138.68.253.46,United States of America,DigitalOcean LLC
161.97.94.31,France,Contabo GmbH
103.233.2.202,Malaysia,Exa Bytes Network Sdn.Bhd.
82.165.203.139,Germany,IONOS SE
77.88.8.8,Russian Federation,Edge Technology Plus d.o.o. Beograd
142.250.191.14,United States of America,Google LLC
23.227.38.32,Canada,CloudFlare Inc.
52.84.33.10,United States of America,Amazon.com Inc.
103.86.99.100,Singapore,PacketHub S.A.
64.233.160.0,United States of America,Google LLC
139.59.216.112,Singapore,DigitalOcean LLC
209.126.123.12,United States of America,Velia.net
192.185.5.33,United States of America,Network Solutions LLC
103.245.222.133,Australia,Fastly Inc.
185.199.108.153,United States of America,Fastly Inc.
185.60.216.35,Ireland,Facebook Inc.
104.17.101.35,United States of America,CloudFlare Inc.
185.60.218.35,Romania,Facebook Inc.
185.199.109.153,United States of America,Fastly Inc.
151.101.65.69,United States of America,Fastly Inc.
185.199.111.153,United States of America,Fastly Inc.
104.17.102.35,United States of America,CloudFlare Inc.
172.217.169.14,Bulgaria,Google LLC
104.21.84.5,United States of America,CloudFlare Inc.
172.217.7.206,United States of America,Google LLC
172.217.9.14,United States of America,Google LLC
35.186.238.101,United States of America,Google LLC
142.250.64.110,United States of America,Google LLC
173.194.76.113,United States of America,Google LLC
216.239.38.120,United States of America,Google LLC
216.239.34.21,United States of America,Google LLC
91.198.174.192,Netherlands (Kingdom of the),-
216.58.206.46,United Kingdom of Great Britain and Northern Ireland,Google LLC
35.186.224.47,United States of America,Google LLC
192.30.255.112,United States of America,GitHub Inc.
142.250.182.174,India,Google LLC
34.117.59.81,United States of America,Google LLC
185.60.216.35,Ireland,Facebook Inc.
108.177.122.94,United States of America,Google LLC
13.224.102.47,Switzerland,Amazon.com Inc.
142.250.190.78,United States of America,Google LLC
199.232.41.11,United States of America,Fastly Inc.
216.58.197.78,Japan,Google LLC
34.149.168.167,United States of America,Google LLC
